{
    "uu": [
        [
            0.0005641748942171732,
            0.004513399153737607,
            0.006205923836389238,
            0.013540197461212988,
            0.019746121297602212,
            0.02708039492242592,
            0.04118476727785611,
            0.05077574047954864,
            0.0722143864598025,
            0.09647390691114241,
            0.12581100141043716,
            0.1636107193229901,
            0.2087447108603666,
            0.26121297602256704,
            0.31650211565585334,
            0.37348377997179116,
            0.4428772919605077,
            0.5269393511988716,
            0.60197461212976,
            0.6730606488011284,
            0.7396332863187587,
            0.8129760225669955,
            0.8767277856135403,
            0.9376586741889983,
            1.0042313117066288,
            1.0820874471086033,
            1.1999999999999993
        ],
        [
            0.0017709600536042203,
            0.4659749093445038,
            1.0099128780949729,
            1.5361245862900696,
            2.058794374377956,
            2.4733831201350656,
            2.615105739476615,
            2.6204069576239077,
            2.476860066166932,
            2.285470597231704,
            2.1117915618334946,
            1.9505025828027946,
            1.8352693941783889,
            1.734199720977996,
            1.6473002272093422,
            1.5692571997106484,
            1.4557599850992784,
            1.2961744930439418,
            1.1366023290040603,
            0.9504591001523723,
            0.769637914472125,
            0.5675452161254317,
            0.4186204704322969,
            0.305135750835416,
            0.23593752759315612,
            0.18266878182271862,
            0.0
        ]
    ],
    "vv": [
        [
            0.0005641748942171732,
            0.014104372355430134,
            0.028772919605077524,
            0.04513399153737652,
            0.0660084626234132,
            0.10211565585331447,
            0.14442877291960501,
            0.18110014104372352,
            0.22623413258110003,
            0.2741889985895625,
            0.334555712270804,
            0.39040902679830725,
            0.44456981664315925,
            0.5021156558533144,
            0.5669957686882934,
            0.6386459802538786,
            0.69901269393512,
            0.767842031029619,
            0.8332863187588153,
            0.9009873060648796,
            0.9506346967559942,
            1.012693935119887,
            1.1040902679830746,
            1.1999999999999995
        ],
        [
            0.0017709600536051084,
            0.1558969637781189,
            0.35608792091955266,
            0.5474174137852326,
            0.7529145870797549,
            0.9105508568747736,
            1.0043934136946022,
            1.0238289922320989,
            1.0237623521548227,
            1.0112889956907187,
            0.9810793826596518,
            0.9420174683634557,
            0.8994144669610156,
            0.8390885370070671,
            0.7858389502588459,
            0.6953717133530375,
            0.6297262392305463,
            0.5304042020567121,
            0.4558922656526705,
            0.37606161808105254,
            0.31574735014062716,
            0.2589583422880932,
            0.18795167394876033,
            4.440892098500626e-16
        ]
    ],
    "ww": [
        [
            0.000564174894217187,
            0.005641748942172023,
            0.009590973201692485,
            0.02256699576868826,
            0.04344146685472494,
            0.062059238363892794,
            0.08744710860366708,
            0.11734837799717907,
            0.1500705218617771,
            0.1946403385049365,
            0.24541607898448503,
            0.29675599435825084,
            0.3385049365303244,
            0.3785613540197461,
            0.4282087447108602,
            0.4840620592383638,
            0.5382228490832157,
            0.6042313117066289,
            0.6787023977433004,
            0.7475317348377997,
            0.840620592383639,
            0.9241184767277855,
            1.0358251057827923,
            1.1283497884344145,
            1.1999999999999995
        ],
        [
            0.0017709600536042203,
            0.28702214483087873,
            0.636059545574648,
            0.977996446084678,
            1.1870372054883425,
            1.3039480580581675,
            1.3446618132698378,
            1.353476629491499,
            1.3445693501626181,
            1.3214702333768822,
            1.2771004369256662,
            1.2362733935826262,
            1.1866015459831518,
            1.149334748768573,
            1.0854768947190065,
            1.00212015405853,
            0.9116787401826667,
            0.805273695795377,
            0.6527895369747458,
            0.5127162595457735,
            0.3708353700206941,
            0.26263270954888895,
            0.1827370879019261,
            0.12235951188808869,
            0.0017717930545702032
        ]
    ],
    "uv": [
        [
            1.3877787807814457e-17,
            0.009026798307475298,
            0.011847672778561372,
            0.016925246826516194,
            0.020874471086036656,
            0.023131170662905487,
            0.029337094499294752,
            0.03272214386459801,
            0.03892806770098728,
            0.045133991537376544,
            0.05698166431593793,
            0.07672778561354016,
            0.09196050775740475,
            0.11227080394922423,
            0.13088857545839205,
            0.14950634696755988,
            0.17715091678420308,
            0.2149506346967559,
            0.25275035260930884,
            0.28942172073342737,
            0.3339915373765867,
            0.37574047954865986,
            0.4259520451339914,
            0.46600846262341306,
            0.5071932299012691,
            0.5534555712270801,
            0.5918194640338501,
            0.639210155148096,
            0.6792665726375176,
            0.7328631875881522,
            0.7977433004231309,
            0.8722143864598024,
            0.9303244005641746,
            1.0121297602256696,
            1.0894217207334271,
            1.1633286318758813,
            1.1999999999999995
        ],
        [
            0.001771793054569759,
            0.044281498348824666,
            0.10806188330855893,
            0.1824696945918567,
            0.2551073788225158,
            0.33660652732892826,
            0.42164343093772194,
            0.5173152578787716,
            0.6005803684329951,
            0.6838454789872168,
            0.7529279150952095,
            0.8290858614079644,
            0.8591838523095945,
            0.8751000017659614,
            0.8786160988432277,
            0.8785886098113513,
            0.8696888274911638,
            0.8554586719898754,
            0.832369551215731,
            0.8021949242252338,
            0.764921463002928,
            0.720564994567167,
            0.6584781005712048,
            0.5999497867017722,
            0.536104427666694,
            0.46870798551377924,
            0.4119539637018157,
            0.3374686833286846,
            0.27894036945925205,
            0.1973587538572108,
            0.1246194435087058,
            0.06781210963492201,
            0.037605828607718106,
            0.014451733758229945,
            0.003706854298467732,
            5.4145062786226106e-05,
            0.0017717930545706473
        ]
    ]
}